<?xml version="1.0" encoding="UTF-8"?>
<faces-config xmlns="http://xmlns.jcp.org/xml/ns/javaee"
	xmlns:xsi="http://www.w3.org/2001/XMLSchema-instance"
	xsi:schemaLocation="http://xmlns.jcp.org/xml/ns/javaee http://xmlns.jcp.org/xml/ns/javaee/web-facesconfig_2_2.xsd"
	version="2.2">

	<navigation-rule>
		<from-view-id>/*</from-view-id>
		<navigation-case>
			<from-outcome>loginPage</from-outcome>
			<to-view-id>login.xhtml</to-view-id>
		</navigation-case>
	</navigation-rule>

	<lifecycle>
		<phase-listener>com.pantherbuddy.web.authorization.AuthorizationListener</phase-listener>
	</lifecycle>

	<application>
		<resource-handler>org.omnifaces.resourcehandler.CombinedResourceHandler</resource-handler>
		<locale-config>
			<default-locale>en</default-locale>
		</locale-config>
	</application>

	<factory>
		<render-kit-factory>org.omnifaces.renderkit.Html5RenderKitFactory</render-kit-factory>
		<exception-handler-factory>org.omnifaces.exceptionhandler.FullAjaxExceptionHandlerFactory</exception-handler-factory>
	</factory>

</faces-config>
